ano;preco_reais;preco_dolar
2008;48,39;26,97
2009;48,09;24,27
2010;42,08;23,97
2011;49,04;29,37
2012;68,73;34,95
2013;69,01;31,94
2014;67,25;28,73
2015;72,65;21,88
2016;81,5;23,57
2017;71,3;22,34
2018;84,43;23,13
2019;82,17;20,82
2020;121,23;23,37
2021;170,07;31,55
2022;188,89;36,66
2023;150,7;30,14
2024;133,88;24,88
2025;135,96;24,32
