uf;ano;area;producao;produtividade;safra;custo_total;custo_fixo;custo_variavel;total_renda_fatores;preco_reais;produtividade_sc_ha;faturamento_ha;lucro_bruto_ha;roi_percent;margem_lucro_percent;faturamento_total;lucro_total;classificacao_roi
BA;2021;1893,2;7279,4;3845,0;202122;3900,57;731,96;2976,18;192,43;170,07;64,08333333333333;10898,652499999998;6998,082499999999;179,41179109719857;64,21052969621704;20633328,913;13248769,788999997;Excelente
BA;2022;1919,7;7815,1;4071,0;202223;7819,54;963,37;5958,19;897,98;188,89;67,85;12816,186499999998;4996,646499999998;63,8994940878875;38,98699897976671;24603233,224049997;9592062,286049996;Excelente
BA;2023;1979,2;7574,4;3827,0;202324;9481,13;1001,54;5743,13;2736,46;150,7;63,78333333333333;9612,148333333333;131,01833333333343;1,381885211291623;1,3630494327577491;19024363,981333334;259311,48533333352;Baixa
BA;2024;2135,6;8845,7;4142,0;202425;7952,42;999,86;4616,12;2336,44;133,88;69,03333333333333;9242,182666666666;1289,7626666666656;16,21849281937656;13,955173936546291;19737605,30293333;2754417,150933331;Baixa
GO;2008;2307,2;6836,2;2963,0;200809;1416,09045059011;143,80264;1057,06781059011;215,22;48,39;49,38333333333333;2389,6595;973,5690494098901;68,75048475923177;40,7409109712028;5513422,3984;2246218,5107984985;Excelente
GO;2009;2549,5;7342,6;2880,0;200910;1533,15976623859;153,38434;1163,27542623859;216,5;48,09;48,0;2308,32;775,1602337614102;50,55965143562082;33,58114272550644;5885061,840000001;1976271,0159747151;Boa
GO;2010;2605,6;8181,6;3140,0;201011;1485,86;171,67;1035,35;278,84;42,08;52,333333333333336;2202,1866666666665;716,3266666666666;48,20956662583733;32,52797219733113;5738017,578666666;1866460,7626666664;Boa
GO;2011;2644,7;8251,5;3120,0;201112;1595,97;148,19;1040,52;407,26;49,04;52,0;2550,08;954,1099999999999;59,782452051103704;37,41490463044296;6744196,575999999;2523334,7169999997;Boa
GO;2012;2888,0;8562,9;2965,0;201213;1813,67;153,33;1177,66;482,68;68,73;49,416666666666664;3396,4075000000003;1582,7375000000002;87,26711584797677;46,600341684559346;9808824,860000001;4570945,9;Excelente
GO;2013;3101,7;8994,93;2900,0;201314;1741,93;120,88;1214,4;406,65;69,01;48,333333333333336;3335,4833333333336;1593,5533333333335;91,48205343115588;47,775784618920795;10345668,655;4942724,374;Excelente
GO;2014;3325,0;8625,05;2594,0;201415;1883,03;129,3;1521,68;232,05;67,25;43,233333333333334;2907,4416666666666;1024,4116666666666;54,4023019636791;35,234126222079546;9667243,541666666;3406168,7916666665;Boa
GO;2015;3285,1;10249,512;3120,0;201516;2264,07;141,58;1791,04;331,45;72,65;52,0;3777,8;1513,73;66,85879853538097;40,06908782889512;12410450,78;4972754,4229999995;Excelente
GO;2016;3278,5;11110,8365;3389,0;201617;2338,13;148,64;1831,89;357,6;81,5;56,483333333333334;4603,391666666666;2265,2616666666663;96,88347810714829;49,20853645953074;15092219,579166666;7426660,374166666;Excelente
GO;2017;3386,7;12222,6003;3609,0;201718;2367,74;148,38;1834,37;384,99;71,3;60,15;4288,695;1920,955;81,13031836265807;44,79113110165214;14524523,356499998;6505698,2985;Excelente
GO;2018;3476,4;12097,9;3480,0;201819;2600,97;149,29;2052,41;399,27;84,43;58,0;4896,9400000000005;2295,9700000000007;88,27360561636624;46,88581032236459;17023722,216000002;7981710,108000003;Excelente
GO;2019;3957,0;14688,4;3712,0;201920;2842,73;196,32;2265,65;380,76;82,17;61,86666666666667;5083,584;2240,854;78,82753550284409;44,08020011078798;20115741,888;8867059,277999999;Excelente
GO;2020;4299,0;15785,9;3672,0;202021;3118,21;210,03;2494,9;413,28;121,23;61,2;7419,276000000001;4301,066000000001;137,9338145923463;57,97150557547665;31895467,524000004;18490282,734000005;Excelente
GO;2021;4393,6;17684,2;4025,0;202122;3099,82;273,51;2703,88;122,43;170,07;67,08333333333333;11408,8625;8309,0425;268,0491931789588;72,82971900134653;50125978,28;36506609,128;Excelente
GO;2022;4547,4;17925,9;3942,0;202223;5516,08;316,92;4799,62;399,54;188,89;65,7;12410,073;6893,993;124,97993140055983;55,55159103415427;56433565,9602;31349743,7682;Excelente
GO;2023;4833,9;16855,8;3487,0;202324;6492,1;1126,96;4384,47;980,67;150,7;58,11666666666667;8758,181666666665;2266,081666666665;34,905218136915096;25,87388287789568;42336174,35849999;10954012,168499991;Média
GO;2024;4954,7;20725,5;4183,0;202425;5311,2;919,36;3580,04;811,8;133,88;69,71666666666667;9333,667333333333;4022,467333333333;75,73556509514485;43,096322053046535;46245521,536466666;19930118,896466665;Excelente
MA;2008;387,4;975,1;2517,0;200809;1954,58195879227;202,125492083333;1639,69646670894;112,76;48,39;41,95;2029,9605000000001;75,37854120773022;3,856504500548362;3,7133008848068827;786406,6977;29201,64686387469;Baixa
MA;2009;502,1;1330,6;2650,0;200910;1664,59666676566;223,136429166667;1328,000237599;113,46;48,09;44,166666666666664;2123,975;459,37833323433983;27,59697543591264;21,628236360330977;1066447,8475;230653,86111696204;Média
MA;2010;518,2;1599,7;3087,0;201011;1396,21;195,88;1066,75;133,58;42,08;51,45;2165,016;768,806;55,063779803897695;35,51040731338706;1121911,2912;398395,26920000004;Boa
MA;2011;559,7;1650,6;2949,0;201112;1448,72;163,53;1075,11;210,08;49,04;49,15;2410,316;961,5959999999998;66,37555911425257;39,89501791466347;1349053,8652;538205,2812;Excelente
MA;2012;586,0;1685,9;2877,0;201213;1552,81;163,56;1142,0;247,25;68,73;47,95;3295,6035;1742,7935000000002;112,23481945634046;52,88237799237682;1931223,651;1021276,9910000002;Excelente
MA;2013;662,2;1856,8088;2804,0;201314;2027,07220878478;480,76;1356,11220878478;190,2;69,01;46,733333333333334;3225,067333333334;1197,9951245485538;59,09977549673704;37,1463600826697;2135639,5881333337;793312,3714760523;Boa
MA;2014;749,6;2099,6296;2801,0;201415;2134,16;453,74;1471,84;208,58;67,25;46,68333333333333;3139,4541666666664;1005,2941666666666;47,10491090952256;32,021304127973416;2353334,8433333333;753568,5073333333;Boa
MA;2015;786,3;1250,217;1590,0;201516;2929,14;550,05;2051,21;327,88;72,65;26,5;1925,2250000000001;-1003,9149999999997;-34,27337034078261;-52,1453336622992;1513804,4175;-789378,3644999998;Prejuízo
MA;2016;821,7;2473,317;3010,0;201617;2706,41;522,72;1858,43;325,26;81,5;50,166666666666664;4088,583333333333;1382,1733333333332;51,07036012035624;33,8056784134684;3359588,925;1135731,828;Boa
MA;2017;951,5;3025,77;3180,0;201718;2725,83;521,01;1845,12;359,7;71,3;53,0;3778,8999999999996;1053,0699999999997;38,63300352553166;27,867104183757174;3595623,3499999996;1001996,1049999997;Média
MA;2018;992,4;2992,1;3015,0;201819;2717,7;536,88;1854,4;326,42;84,43;50,25;4242,6075;1524,9075000000003;56,11022187879458;35,94269561820178;4210363,683;1513318,2030000002;Boa
MA;2019;976,4;3130,3;3206,0;201920;3066,52;743,73;2152,04;170,75;82,17;53,43333333333333;4390,617;1324,0970000000002;43,17914117631714;30,157424343776746;4286998,4388;1292848,3108;Boa
MA;2020;1005,7;3285,6;3267,0;202021;3483,01;797,87;2428,63;256,51;121,23;54,45;6600,973500000001;3117,9635000000007;89,51922331546565;47,23490406377181;6638599,048950002;3135735,891950001;Excelente
MA;2021;1075,1;3522,0;3276,0;202122;4471,14;1093,61;3232,57;144,96;170,07;54,6;9285,822;4814,682;107,68354379420013;51,849820080548604;9983187,232199999;5176264,618199999;Excelente
MA;2022;1192,7;4250,8;3564,0;202223;7591,97;1527,65;5601,27;463,05;188,89;59,4;11220,065999999999;3628,0959999999986;47,78859768940075;32,33578126902283;13382172,7182;4327230,099199998;Boa
MA;2023;1329,7;4322,9;3251,0;202324;7995,4;1501,22;5499,78;994,4;150,7;54,18333333333333;8165,428333333332;170,02833333333274;2,1265769484119965;2,0822953358029523;10857570,054833332;226086,67483333254;Baixa
MA;2024;1436,1;4858,3;3383,0;202425;5357,63;1291,15;3194,89;871,59;133,88;56,38333333333333;7548,600666666666;2190,970666666666;40,89440044696379;29,024858558773936;10840545,417399999;3146452,9743999992;Boa
MG;2008;929,1;2751,1;2961,0;200809;1954,1;232,38;1350,6;371,12;48,39;49,35;2388,0465;433,9465;22,206975078041044;18,17161014243232;2218734,00315;403179,69315;Média
MG;2009;1019,0;2871,5;2818,0;200910;1809,05;253,33;1172,04;383,68;48,09;46,96666666666667;2258,6270000000004;449,57700000000045;24,851551919515792;19,904880265754386;2301540,9130000006;458118,96300000045;Média
MG;2010;1024,1;2913,6;2845,0;201011;1696,48;298,11;1049,72;348,65;42,08;47,416666666666664;1995,293333333333;298,81333333333305;17,613725675123376;14,975909974807367;2043379,9026666663;306014,73466666637;Baixa
MG;2011;1024,0;3058,7;2987,0;201112;1916,54;292,86;1149,77;473,91;49,04;49,78333333333333;2441,3746666666666;524,8346666666666;27,384488018338605;21,497506049870264;2499967,6586666666;537430,6986666666;Média
MG;2012;1121,2;3374,8;3010,0;201213;2100,19;322,75;1217,26;560,18;68,73;50,166666666666664;3447,955;1347,7649999999999;64,17347954232712;39,08882221490709;3865847,146;1511114,118;Excelente
MG;2013;1238,2;3345,6164;2702,0;201314;2053,47;279,13;1290,79;483,55;69,01;45,03333333333333;3107,7503333333334;1054,2803333333336;51,34140422471882;33,92422879100864;3848016,4627333335;1305409,9087333337;Boa
MG;2014;1319,4;3524,1174;2671,0;201415;2436,02;250,97;1894,59;290,46;67,25;44,516666666666666;2993,7458333333334;557,7258333333334;22,894961179848007;18,62969885831435;3949948,2525000004;735863,4645000001;Média
MG;2015;1469,3;4747,3083;3231,0;201516;2664,18;259,93;2059,23;345,02;72,65;53,85;3912,2025000000003;1248,0225000000005;46,844526270747494;31,900764339269255;5748199,13325;1833719,4592500008;Boa
MG;2016;1456,1;5067,228;3480,0;201617;2711,33;260,92;2082,33;368,08;81,5;58,0;4727,0;2015,67;74,34248136523404;42,64163317114449;6882984,699999999;2935017,087;Excelente
MG;2017;1508,5;5747,385;3810,0;201718;2924,97;343,84;2118,78;462,35;71,3;63,5;4527,55;1602,5800000000004;54,78962177389855;35,39618557497985;6829809,175;2417491,9300000006;Boa
MG;2018;1574,9;5386,2;3420,0;201819;3002,13;365,1;2147,38;489,65;84,43;57,0;4812,51;1810,38;60,30318473883543;37,61820754658172;7579221,999000001;2851167,4620000003;Excelente
MG;2019;1647,3;6172,4;3747,0;201920;3104,81;371,58;2356,52;376,71;82,17;62,45;5131,516500000001;2026,7065000000007;65,27634541244072;39,495273960436464;8453147,130450001;3338593,617450001;Excelente
MG;2020;1899,3;7021,7;3697,0;202021;3199,01;366,51;2454,53;377,97;121,23;61,61666666666667;7469,788500000001;4270,7785;133,50313065604672;57,17402172765668;14187369,298050001;8111489,60505;Excelente
MG;2021;1982,9;7616,3;3841,0;202122;4116,39;753,19;3260,93;102,27;170,07;64,01666666666667;10887,314499999999;6770,924499999998;164,48695337419431;62,19095168050853;21588455,92205;13426066,191049997;Excelente
MG;2022;2171,3;8396,4;3867,0;202223;6880,93;1055,2;5498,58;327,15;188,89;64,45;12173,9605;5293,030499999999;76,92318480205435;43,478295333716574;26433320,433650002;11492757,124649998;Excelente
MG;2023;2251,6;7702,7;3421,0;202324;5935,99;980,93;4290,63;664,43;150,7;57,016666666666666;8592,411666666665;2656,4216666666653;44,751114248283194;30,915903121494598;19346674,108666662;5981199,024666663;Boa
MG;2024;2316,9;9186,5;3965,0;202425;6100,36;1022,36;4405,92;672,08;133,88;66,08333333333333;8847,236666666666;2746,876666666666;45,02810763080648;31,047848838676934;20498162,632999998;6364238,548999999;Boa
MS;2008;1715,8;4179,7;2436,0;200809;1571,24806438368;122,964754;1235,72331038368;212,56;48,39;40,6;1964,634;393,38593561632;25,036526347010973;20,02337003311151;3370919,0172;674971,5883304819;Média
MS;2009;1712,2;5307,8;3100,0;200910;1620,69869813849;147,342666666667;1256,60603147182;216,75;48,09;51,666666666666664;2484,65;863,95130186151;53,30733608003951;34,77154938770089;4254217,73;1479257,4190472777;Boa
MS;2010;1760,1;5169,4;2937,0;201011;1528,03;234,24;1020,8;272,99;42,08;48,95;2059,8160000000003;531,7860000000003;34,802065404475066;25,817160367722174;3625482,1416;935996,5386000004;Média
MS;2011;1815,0;4628,3;2550,0;201112;1795,66;240,45;1118,52;436,69;49,04;42,5;2084,2;288,53999999999974;16,068743526057254;13,844160829095085;3782822,9999999995;523700,0999999995;Baixa
MS;2012;2017,0;5809,0;2880,0;201213;1975,08;253,2;1208,69;513,19;68,73;48,0;3299,04;1323,96;67,03323409684671;40,13167466899461;6654163,68;2670427,3200000003;Excelente
MS;2013;2120,0;6148,0;2900,0;201314;1865,75;232,29;1189,42;444,04;69,01;48,333333333333336;3335,4833333333336;1469,7333333333336;78,77439814194472;44,06357899155046;7071224,666666667;3115834,666666667;Excelente
MS;2014;2300,5;7177,56;3120,0;201415;2604,35;302,65;1663,52;638,18;67,25;52,0;3497,0;892,6500000000001;34,275347015570105;25,5261652845296;8044848,5;2053541,3250000002;Média
MS;2015;2430,0;7241,4;2980,0;201516;3287,17;347,0;2266,63;673,54;72,65;49,666666666666664;3608,2833333333333;321,11333333333323;9,768686539890945;8,899338097063698;8768128,5;780305,3999999998;Baixa
MS;2016;2522,3;8575,82;3400,0;201617;3214,28;342,14;2153,48;718,66;81,5;56,666666666666664;4618,333333333333;1404,0533333333328;43,681736915680425;30,401732226632976;11648822,166666666;3541443,7226666654;Boa
MS;2017;2672,0;9715,392;3636,0;201718;3045,18;336,24;2020,21;688,73;71,3;60,6;4320,78;1275,6;41,8891494098871;29,522447335897684;11545124,16;3408403,1999999997;Boa
MS;2018;2853,7;9759,7;3420,0;201819;2965,53;352,62;1985,95;626,96;84,43;57,0;4812,51;1846,98;62,281615765141474;38,37872544680426;13733459,787;5270726,825999999;Excelente
MS;2019;3016,4;11362,8;3767,0;201920;3740,07;529,3;2651,49;559,28;82,17;62,78333333333333;5158,9065;1418,8365;37,93609477897472;27,502659720621025;15561325,5666;4279778,4185999995;Média
MS;2020;3499,3;12702,5;3630,0;202021;3836,0;538,14;2664,12;633,74;121,23;60,5;7334,415;3498,415;91,19955683003128;47,69862354393636;25665318,409500003;12242003,6095;Excelente
MS;2021;3660,3;9765,7;2668,0;202122;3561,07;508,05;2879,28;173,74;170,07;44,46666666666667;7562,446;4001,3759999999997;112,36442979216919;52,911134836533044;27680821,0938;14646236,5728;Excelente
MS;2022;3887,2;14810,2;3810,0;202223;8514,3;935,56;6494,1;1084,64;188,89;63,5;11994,515;3480,215;40,87493980714798;29,015053964249493;46625078,708;13528291,748;Boa
MS;2023;4124,3;12575,0;3049,0;202324;8016,31;1366,8;4825,92;1823,59;150,7;50,81666666666667;7658,071666666667;-358,2383333333337;-4,468868261498541;-4,677918266195389;31584184,974833336;-1477482,358166668;Prejuízo
MS;2024;4253,4;14202,1;3339,0;202425;6876,13;1183,67;3822,98;1869,48;133,88;55,65;7450,422;574,2919999999995;8,351965422410563;7,708180825193519;31689624,934799995;2442693,5927999974;Baixa
MT;2008;5828,2;17962,5;3082,0;200809;1908,73983386689;178,320562636868;1524,39427123003;206,025;48,39;51,36666666666667;2485,6330000000003;576,8931661331103;30,223771511300747;23,20910472837745;14486766,2506;3362248,7508569933;Média
MT;2009;6224,5;18766,9;3015,0;200910;1846,6456439989;193,68616747781;1443,8594765211;209,1;48,09;50,25;2416,5225;569,8768560011001;30,86010886024864;23,582518101987468;15041644,30125;3547198,4901788477;Média
MT;2010;6398,8;20412,2;3190,0;201011;1638,4067428552;197,827686644039;1230,83905621116;209,74;42,08;53,166666666666664;2237,253333333333;598,8465904781331;36,55054479539934;26,767044283979157;14315736,629333332;3831899,563151478;Média
MT;2011;6980,5;21849,0;3130,0;201112;1749,805;151,255;1199,75;398,8;49,04;52,166666666666664;2558,253333333333;808,448333333333;46,202195863729564;31,601574511776253;17857887,39333333;5643373,590833331;Boa
MT;2012;7818,2;23532,8;3010,0;201213;2060,99;157,065;1430,06;473,865;68,73;50,166666666666664;3447,955;1386,9650000000001;67,29605674942626;40,225728003990774;26956801,781;10843569,763;Excelente
MT;2013;8615,7;26441,5833;3069,0;201314;1895,265;139,99;1351,0;404,275;69,01;51,15;3529,8615;1634,5964999999999;86,2463296689381;46,30766674556494;30412227,725550003;14083193,06505;Excelente
MT;2014;8934,5;28018,592;3136,0;201415;2412,115;148,965;2103,775;159,375;67,25;52,266666666666666;3514,9333333333334;1102,8183333333336;45,719973273800534;31,375227600333822;31404171,866666667;9853130,39916667;Boa
MT;2015;9140,0;26277,5;2875,0;201516;2952,98;175,985;2557,245;219,75;72,65;47,916666666666664;3481,1458333333335;528,1658333333335;17,885858804778003;15,172183488434726;31817672,916666668;4827435,716666668;Baixa
MT;2016;9322,8;30709,3032;3294,0;201617;2810,735;196,54;2359,31;254,885;81,5;54,9;4474,349999999999;1663,6149999999993;59,18789925055188;37,18115480460848;41713470,17999999;15509549,921999993;Boa
RS;2008;3822,5;7912,6;2070,0;200809;1542,20714348484;165,593028918667;1040,80411456618;335,81;48,39;34,5;1669,455;127,24785651516004;8,25102237742364;7,6221195848441585;6381491,7375;486404,93152919924;Baixa
RS;2009;3976,2;10218,8;2570,0;200910;1484,88093697609;214,730366815889;923,180570160206;346,97;48,09;42,833333333333336;2059,8550000000005;574,9740630239105;38,721896733001756;27,91332705573501;8190395,451000001;2286211,869395673;Média
RS;2010;4084,8;11621,3;2845,0;201011;1313,35727629906;207,344728713478;761,982547585585;344,03;42,08;47,416666666666664;1995,293333333333;681,9360570342731;51,923118662418844;34,17723327401851;8150374,208;2785572,4057735987;Boa
RS;2011;4197,2;6526,6;1555,0;201112;1492,0;216,74;844,69;430,57;49,04;25,916666666666668;1270,9533333333334;-221,04666666666662;-14,815460232350311;-17,392193786291653;5334445,330666667;-927777,0693333332;Prejuízo
RS;2012;4618,6;12534,9;2714,0;201213;1610,08;222,12;953,38;434,58;68,73;45,233333333333334;3108,887;1498,8070000000002;93,08897694524497;48,2104045595739;14358705,498200001;6922390,010200001;Excelente
RS;2013;4939,6;12867,658;2605,0;201314;2267,75;201,37;1483,25;583,13;69,01;43,416666666666664;2996,184166666667;728,4341666666669;32,12144930731637;24,312062481695474;14799951,309666669;3598173,409666668;Média
RS;2014;5249,2;15700,3572;2991,0;201415;2229,4;223,79;1388,27;617,34;67,25;49,85;3352,4125;1123,0124999999998;50,37285816811698;33,49863717546692;17597483,695;5894917,214999999;Boa
RS;2015;5455,0;16201,35;2970,0;201516;2716,91;257,17;1719,87;739,87;72,65;49,5;3596,175;879,2650000000003;32,36268407860401;24,45000590905616;19617134,625;4796390,575000002;Média
RS;2016;5569,6;18836,3872;3382,0;201617;2805,92;286,89;1727,49;791,54;81,5;56,36666666666667;4593,883333333333;1787,9633333333331;63,72110870350306;38,92052112773144;25586092,613333333;9958240,581333334;Excelente
RS;2017;5692,1;18379,7909;3229,0;201718;2840,74;268,09;1719,53;853,12;71,3;53,81666666666667;3837,1283333333336;996,3883333333338;35,07495699477368;25,9670317689835;21841318,18616667;5671542,032166669;Média
RS;2018;5777,5;19522,2;3379,0;201819;2807,01;253,06;1778,15;775,8;84,43;56,31666666666667;4754,816166666667;1947,8061666666672;69,39078117522442;40,96491006995469;27470950,40291667;11253450,12791667;Excelente
BA;2008;947,5;2418,0;2552,0;200809;1335,38;106,51;1072,9;155,97;48,39;42,53333333333333;2058,188;722,808;54,127514265602294;35,11865777081588;1950133,1300000001;684860,58;Boa
BA;2009;1016,5;3110,5;3060,0;200910;1223,9;107,27;961,31;155,32;48,09;51,0;2452,59;1228,69;100,39137184410491;50,097651870063885;2493057,7350000003;1248963,385;Excelente
BA;2010;1043,9;3507,5;3360,0;201011;1127,76;103,74;868,31;155,71;42,08;56,0;2356,48;1228,72;108,95225934596013;52,14217816404128;2459929,472;1282660,8080000002;Excelente
BA;2011;1112,8;3182,6;2860,0;201112;1630,41;250,13;969,16;411,12;49,04;47,666666666666664;2337,5733333333333;707,1633333333332;43,373343719268966;30,25202774387113;2601251,6053333334;786931,3573333331;Boa
BA;2012;1281,9;2692,0;2100,0;201213;1944,97;272,67;1178,19;494,11;68,73;35,0;2405,55;460,58000000000015;23,680570908548727;19,146556920454785;3083674,5450000004;590417,5020000002;Média
BA;2013;1312,7;3308,004;2520,0;201314;2143,55175410506;140,1225;1535,64925410506;467,78;69,01;42,0;2898,42;754,8682458949402;35,21576954926849;26,044129073596658;3804755,9340000004;990915,546386288;Média
BA;2014;1422,0;4180,68;2940,0;201415;2494,68;219,63;1673,61;601,44;67,25;49,0;3295,25;800,5700000000002;32,091089839177776;24,294666565510965;4685845,5;1138410,5400000003;Média
BA;2015;1526,9;3211,0707;2103,0;201516;2641,0;222,24;1653,13;765,63;72,65;35,05;2546,3825;-94,61749999999984;-3,582639151836419;-3,715761477311434;3888071,4392500003;-144471,46074999977;Prejuízo
BA;2016;1580,3;5123,3326;3242,0;201617;2811,77;231,48;1745,84;834,45;81,5;54,03333333333333;4403,716666666666;1591,9466666666663;56,61724346823056;36,15007020584884;6959193,448333332;2515753,3173333327;Boa
BA;2017;1599,3;6333,228;3960,0;201718;2844,72;236,03;1707,36;901,33;71,3;66,0;4705,8;1861,0800000000004;65,42225596895302;39,54864210123678;7525985,94;2976425,2440000004;Excelente
BA;2018;1580,1;5403,9;3420,0;201819;3141,53;263,1;1818,77;1059,66;84,43;57,0;4812,51;1670,98;53,19000614350332;34,7215901889035;7604247,051;2640315,4979999997;Boa
BA;2019;1620,0;6122,0;3779,0;201920;2995,55;261,25;1931,38;802,92;82,17;62,983333333333334;5175,3405;2179,7905;72,76762197259268;42,11878426163457;8384051,61;3531260,6100000003;Excelente
BA;2020;1701,0;6838,0;4020,0;202021;3806,89;559,75;2549,31;697,83;121,23;67,0;8122,41;4315,52;113,3607748056813;53,131028844887176;13816219,41;7340699,5200000005;Excelente
MT;2017;9518,6;33200,8768;3488,0;201718;2766,445;215,415;2259,255;291,775;71,3;58,13333333333333;4144,906666666667;1378,4616666666666;49,82790789864489;33,256760103966954;39453708,597333334;13121025,220333332;Boa
MT;2018;9699,5;32958,9;3398,0;201819;2723,205;224,785;2231,465;266,955;84,43;56,63333333333333;4781,552333333334;2058,347333333334;75,58547128597863;43,04767970401803;46378666,85716667;19964939,959666673;Excelente
MT;2019;10004,1;35884,7;3587,0;201920;3044,195;245,055;2591,82;207,32;82,17;59,78333333333333;4912,3965;1868,2014999999997;61,369311098664824;38,030348323878165;49144105,82565;18689674,626149997;Excelente
RS;2019;5901,8;11443,6;1939,0;201920;2808,5;319,96;1884,3;604,24;82,17;32,31666666666667;2655,4605;-153,03949999999986;-5,449154352857392;-5,763200017473423;15671996,778900001;-903208,5210999992;Prejuízo
RS;2020;6055,2;20787,5;3433,0;202021;2872,0;345,99;1916,29;609,72;121,23;57,21666666666667;6936,3765;4064,3765000000003;141,51728760445684;58,595096445528874;42001146,9828;24610612,5828;Excelente
RS;2021;6358,0;10433,5;1641,0;202122;3264,05;382,7;2710,28;171,07;170,07;27,35;4651,4145;1387,3644999999997;42,504388719535534;29,82672260233956;29573693,391;8820863,490999999;Boa
RS;2022;7035,0;15301,1;2175,0;202223;8282,32;1657,87;6269,8;354,65;188,89;36,25;6847,2625;-1435,0575;-17,32675747858088;-20,958120124648353;48170491,6875;-10095629,5125;Prejuízo
RS;2023;6980,0;21756,7;3117,0;202324;7502,57;1521,74;5294,69;686,14;150,7;51,95;7828,865;326,2950000000001;4,349109705074396;4,167845530610122;54645477,699999996;2277539,1000000006;Baixa
RS;2024;7098,7;16625,2;2342,0;202425;6457,86;1238,72;4515,29;703,85;133,88;39,03333333333333;5225,782666666666;-1232,0773333333336;-19,078724737503347;-23,576895786200584;37096263,41586666;-8746147,366133336;Prejuízo
TO;2008;311,4;856,4;2750,0;200809;;;;;48,39;45,833333333333336;2217,875;;;;690646,2749999999;;Sem dados
TO;2009;364,3;1071,0;2940,0;200910;;;;;48,09;49,0;2356,4100000000003;;;;858440,1630000002;;Sem dados
TO;2010;404,7;1227,1;3032,0;201011;;;;;42,08;50,53333333333333;2126,4426666666664;;;;860571,3471999998;;Sem dados
TO;2011;451,2;1382,9;3065,0;201112;;;;;49,04;51,083333333333336;2505,1266666666666;;;;1130313,152;;Sem dados
TO;2012;549,6;1536,4;2795,5;201213;;;;;68,73;46,59166666666667;3202,2452500000004;;;;1759953,9894000003;;Sem dados
TO;2013;748,4;2058,8484;2751,0;201314;;;;;69,01;45,85;3164,1085000000003;;;;2368018,8014;;Sem dados
TO;2014;849,6;2475,7344;2914,0;201415;;;;;67,25;48,56666666666667;3266,1083333333336;;;;2774885,64;;Sem dados
TO;2015;870,8;1686,7396;1937,0;201516;2506,25;280,69;2061,77;163,79;72,65;32,28333333333333;2345,3841666666667;-160,86583333333328;-6,418586866167912;-6,85882661013956;2042360,5323333333;-140081,9676666666;Prejuízo
TO;2016;964,0;2826,448;2932,0;201617;3060,43;254,53;2167,08;638,82;81,5;48,86666666666667;3982,633333333333;922,2033333333334;30,13312944041633;23,155617305133124;3839258,533333333;889004,0133333334;Média
TO;2017;988,1;3140,1818;3178,0;201718;2744,88;277,66;2148,12;319,1;71,3;52,96666666666667;3776,5233333333335;1031,6433333333334;37,58427812266232;27,31727682515753;3731582,705666667;1019366,7776666668;Média
TO;2018;1028,6;3153,7;3066,0;201819;2863,69;284,87;2281,83;296,99;84,43;51,1;4314,3730000000005;1450,6830000000004;50,657822599513224;33,624422366819005;4437764,0678;1492172,5338000003;Boa
TO;2019;1078,0;3581,1;3322,0;201920;2917,08;292,32;2399,82;224,94;82,17;55,36666666666667;4549,479;1632,3990000000003;55,96003537784361;35,88100967165692;4904338,362000001;1759726,1220000004;Boa
TO;2020;1210,5;3814,3;3151,0;202021;2996,05;290,83;2452,19;253,03;121,23;52,516666666666666;6366,5955;3370,5455;112,49964119423908;52,94109701173885;7706763,852750001;4080045,32775;Excelente
TO;2021;1340,8;4293,2;3202,0;202122;3029,87;327,52;2604,34;98,01;170,07;53,36666666666667;9076,069;6046,199;199,55308313558007;66,61693515111003;12169193,3152;8106743,6192;Excelente
TO;2022;1438,445;4919,5;3420,0;202223;6393,08;421,77;5690,12;281,19;188,89;57,0;10766,73;4373,65;68,41225199747227;40,621897270573335;15487348,934849998;6291254,974249999;Excelente
TO;2023;1456,7;4035,1;2770,0;202324;7338,65;1138,95;5727,23;472,47;150,7;46,166666666666664;6957,316666666666;-381,33333333333394;-5,196232731269838;-5,481040343619077;10134723,188333333;-555488,2666666675;Prejuízo
TO;2024;1564,5;5353,7;3422,0;202425;5500,33;1096,36;3990,28;413,69;133,88;57,03333333333333;7635,622666666666;2135,2926666666663;38,82117375987743;27,964879354087163;11945931,661999999;3340665,3769999994;Média
MT;2020;10479,7;36521,8;3485,0;202021;3174,88;246,87;2698,61;229,4;121,23;58,083333333333336;7041,4425;3866,5625;121,78609900216702;54,911511384208566;73792204,96725;40520415,03125;Excelente
MT;2021;11108,5;42867,7;3859,0;202122;3906,39;612,22;3237,845;56,325;170,07;64,31666666666666;10938,3355;7031,9455;180,01135319310154;64,28716233836492;121508499,90175;78114366,58675;Excelente
MT;2022;12086,0;46905,8;3881,0;202223;7479,4;995,455;5929,56;554,385;188,89;64,68333333333334;12218,034833333333;4738,6348333333335;63,35581508320632;38,78393618919267;147667168,99566665;57271140,59566667;Excelente
MT;2023;12376,1;40420,3;3266,0;202324;7534,545;914,12;5478,72;1141,705;150,7;54,43333333333333;8203,103333333333;668,5583333333325;8,873240963234442;8,150065970967889;101522427,16366667;8274144,789166656;Baixa
MT;2024;12738,7;51311,5;4028,0;202425;6455,815;831,8;4583,235;1040,78;133,88;67,13333333333334;8987,810666666668;2531,9956666666685;39,22038761437043;28,171439748471204;114493023,7394667;32254333,198966693;Média
PI;2008;273,1;768,8;2815,0;200809;;;;;48,39;46,916666666666664;2270,2975;;;;620018,2472500001;;Sem dados
PI;2009;343,1;868,4;2531,0;200910;;;;;48,09;42,18333333333333;2028,5964999999999;;;;696011,45915;;Sem dados
PI;2010;383,6;1144,3;2983,0;201011;;;;;42,08;49,71666666666667;2092,077333333333;;;;802520,8650666666;;Sem dados
PI;2011;444,6;1263,1;2841,0;201112;;;;;49,04;47,35;2322,044;;;;1032380,7624;;Sem dados
PI;2012;546,4;916,9;1678,0;201213;;;;;68,73;27,966666666666665;1922,149;;;;1050262,2136;;Sem dados
PI;2013;627,3;1489,2102;2374,0;201314;;;;;69,01;39,56666666666667;2730,495666666667;;;;1712839,9317;;Sem dados
PI;2014;673,7;1833,8114;2722,0;201415;;;;;67,25;45,36666666666667;3050,9083333333333;;;;2055396,9441666668;;Sem dados
PI;2015;565,0;645,795;1143,0;201516;;;;;72,65;19,05;1383,9825;;;;781950,1125;;Sem dados
PI;2016;693,8;2048,0976;2952,0;201617;;;;;81,5;49,2;4009,8;;;;2781999,2399999998;;Sem dados
PI;2017;710,5;2538,6165;3573,0;201718;;;;;71,3;59,55;4245,915;;;;3016722,6075;;Sem dados
PI;2018;758,1;2634,4;3475,0;201819;;;;;84,43;57,916666666666664;4889,904166666667;;;;3707036,3487500004;;Sem dados
PI;2019;758,9;2562,8;3377,0;201920;2719,47;706,52;1585,86;427,09;82,17;56,28333333333333;4624,8015;1905,3314999999998;70,06260411035974;41,19812493574048;3509761,8583499994;1445956,0753499998;Excelente
PI;2020;834,8;2719,8;3258,0;202021;2839,25;484,35;1917,59;437,31;121,23;54,3;6582,789;3743,5389999999998;131,84957295060315;56,868585640524095;5495312,2572;3125106,3571999995;Excelente
PI;2021;850,7;3073,6;3613,0;202122;2845,89;484,9;2240,95;120,04;170,07;60,21666666666667;10241,0485;7395,158500000001;259,85398240972074;72,21095086113498;8712059,958950002;6291061,335950001;Excelente
PI;2022;976,6;3672,0;3760,0;202223;4800,28;824,63;3538,5;437,15;188,89;62,666666666666664;11837,106666666665;7036,826666666665;146,59200435530147;59,447184728700584;11560118,370666666;6872164,922666665;Excelente
PI;2023;1087,0;3820,8;3515,0;202324;6153,45;1121,16;3969,36;1062,93;150,7;58,583333333333336;8828,508333333333;2675,0583333333334;43,47249645862619;30,300230031309557;9596588,558333334;2907788,408333333;Boa
PI;2024;1097,9;3777,9;3441,0;202425;4686,4;751,52;3203,13;731,75;133,88;57,35;7678,018;2991,6180000000004;63,83616421987027;38,963414777094826;8429695,9622;3284497,402200001;Excelente
PR;2008;4069,2;9509,7;2337,0;200809;1581,46814170967;194,190142857143;1114,49799885253;272,78;48,39;38,95;1884,7905;303,32235829033016;19,179795677857854;16,093160395828086;7669589,5026;1234279,3403550114;Baixa
PR;2009;4485,1;14078,7;3139,0;200910;1666,15668543843;216,195183674194;1168,80650176424;281,155;48,09;52,31666666666667;2515,9085000000005;849,7518145615704;51,000714517912705;33,77514780690833;11284101,213350004;3811221,8634901;Boa
PR;2010;4590,5;15424,1;3360,0;201011;1536,43;216,545;1005,965;313,96;42,08;56,0;2356,48;820,05;53,37373001047884;34,799786121673;10817421,44;3764439,525;Boa
PR;2011;4460,6;10941,9;2453,0;201112;1543,26;207,51;988,345;347,405;49,04;40,88333333333333;2004,9186666666667;461,6586666666667;29,91450997671596;23,02630397642066;8943140,204533335;2059274,6485333336;Média
PR;2012;4752,8;15912,4;3348,0;201213;1722,275;210,34;1162,675;349,26;68,73;55,8;3835,134;2112,859;122,67837598525206;55,09218191593826;18227624,8752;10041996,2552;Excelente
PR;2013;5010,4;14780,68;2950,0;201314;1782,105;250,645;1292,24;239,22;69,01;49,166666666666664;3392,991666666667;1610,8866666666668;90,3923543599657;47,476882495536145;17000245,446666665;8071186,554666666;Excelente
PR;2014;5224,8;17210,4912;3294,0;201415;1865,29;264,05;1347,32;253,92;67,25;54,9;3692,025;1826,7350000000001;97,93302918044915;49,47786106540449;19290092,220000003;9544325,028;Excelente
PR;2015;5451,3;16844,517;3090,0;201516;2723,485;364,29;1733,145;626,05;72,65;51,5;3741,4750000000004;1017,9900000000002;37,378212106914496;27,20825342946298;20395902,667500004;5549368,887000001;Média
PR;2016;5249,6;19922,232;3795,0;201617;2741,59;366,82;1705,645;669,125;81,5;63,25;5154,875;2413,285;88,0250146812616;46,8155871868862;27061031,8;12668780,936;Excelente
PR;2017;5464,8;20044,8864;3668,0;201718;2852,495;371,995;1759,865;720,635;71,3;61,13333333333333;4358,806666666666;1506,3116666666665;52,806811814452495;34,55789122710956;23820006,672;8231691,995999999;Boa
PR;2018;5437,5;16921,5;3112,0;201819;3229,7;391,385;1909,435;928,88;84,43;51,86666666666667;4379,102666666667;1149,4026666666668;35,58852731419844;26,24744734613819;23811370,75;6249877,000000001;Média
PR;2019;5502,7;21598,1;3925,0;201920;3851,59;472,135;2593,675;785,78;82,17;65,41666666666667;5375,2875;1523,6975000000002;39,56022058422626;28,34634426530674;29578594,52625;8384450,2332500005;Média
PR;2020;5623,8;19880,1;3535,0;202021;4481,605;729,15;2819,52;932,935;121,23;58,916666666666664;7142,4675;2660,8625;59,37298133146497;37,254107211548394;40167808,7265;14964158,527500002;Boa
PR;2021;5668,8;13174,3;2324,0;202122;4930,89;959,645;3689,21;282,035;170,07;38,733333333333334;6587,378;1656,4879999999994;33,59409761726583;25,146393603039012;37342528,4064;9390299,174399996;Média
PR;2022;5450,0;21543,9;3953,0;202223;8300,085;1204,68;6090,91;1004,495;188,89;65,88333333333334;12444,702833333333;4144,617833333334;49,93464323959736;33,30427322243412;67823630,44166666;22588167,19166667;Boa
PR;2023;5542,8;18330,0;3307,0;202324;9026,38;1280,095;4782,445;2963,84;150,7;55,11666666666667;8306,081666666667;-720,2983333333323;-7,979924768659555;-8,671938974835495;46038949,462000005;-3992469,6019999944;Prejuízo
PR;2024;5343,3;19978,6;3739,0;202425;7615,6205993054;1284,89015555556;4215,16044374985;2004,97;133,88;62,31666666666667;8342,955333333333;727,3347340279333;9,550564192946686;8,717950713723106;44578913,2326;3886367,684331456;Baixa
